,name,ssn,password,mail,regis_date,address,cellphone,year,month,date
0,Michelle Sanchez,H881866203,23391526,robert19@gmail.com,2006-07-26,7221 Young Harbors Apt. 303,615318927,1986,6,11
1,Stephen Hall,J954548006,97365849,marcduarte@gmail.com,2023-03-30,"PSC 4867, Box 1483",872545731,1975,9,26
2,Nathaniel Benson,U071086327,17437668,allisonpatterson@gmail.com,1978-02-10,3183 Billy Crossing Suite 797,317240665,2004,1,19
3,Ryan Conner,Y505961315,32666034,wwelch@gmail.com,2016-04-24,17745 Tiffany Neck Apt. 480,600062543,1972,4,3
4,Katherine Adams,B680557667,1400452,qroberts@gmail.com,1982-02-05,762 Jessica Terrace,802959286,2017,11,11
5,Paul Anderson,J581838760,34505518,theresamarshall@gmail.com,2003-08-26,888 Johnson Village Suite 110,478008229,1973,12,14
6,Sandra Walters,D858539851,76360561,campbellkara@gmail.com,1994-07-01,0684 Elizabeth Rest Apt. 636,967621587,1985,6,13
7,Larry Jones,D395357082,10016725,terriwhite@gmail.com,2013-02-11,69280 Jamie Views Suite 419,391883324,1999,11,13
8,Kara Dixon,F211441499,982875,erindavenport@gmail.com,2017-04-20,"PSC 0135, Box 2835",162830585,1993,6,23
9,April Carter,C757498341,72793346,lauragarza@gmail.com,1973-06-15,172 Jessica Port Suite 385,489350600,1973,3,27
10,Regina Foster,T161430271,50932736,timothylittle@gmail.com,2021-11-09,89133 Matthew Views Suite 718,774203312,2007,1,12
11,Bobby Cooley,E071610042,57715115,qprice@gmail.com,1988-02-14,351 Hudson Place Suite 070,78300226,2021,10,9
12,Bobby Griffith PhD,M939693601,79110855,deborah96@gmail.com,1971-11-04,667 Sarah Crossroad Apt. 848,664537011,1972,6,19
13,Anna Greer,L470101490,15401989,jasminejacobson@gmail.com,2019-12-20,08132 Alexandra Common Suite 671,745718395,2018,8,8
14,Valerie Mcgee,I499829094,87417906,jwalker@gmail.com,1980-11-11,"PSC 1904, Box 7180",484196777,1995,12,12
15,Kenneth Mckee,C295228098,40738104,yrichardson@gmail.com,2001-04-03,628 Cynthia Mall,799440773,2004,10,10
16,William Oneill,R771091546,62162937,hhill@gmail.com,1994-02-20,7544 William Ville Apt. 104,983996634,1989,12,11
17,Corey Stewart,F196442070,20517168,jhowell@gmail.com,1972-10-02,USS Young,701365143,2007,12,2
18,Richard Lawson,W593539113,1710886,beth89@gmail.com,2019-05-31,35436 Joseph Stream,38765973,2016,4,26
19,Mary Callahan,M078307542,17307072,cynthia07@gmail.com,2022-10-21,242 Black Points Apt. 948,27716680,1991,6,17
20,Kevin Hendrix,Q947858251,32295613,patrick32@gmail.com,1977-09-29,83710 Katherine Avenue Apt. 457,3172334,2020,8,21
21,Jared Lam,W808912029,9365480,lindsayevans@gmail.com,1997-10-20,8839 Donna Stream Suite 044,233324811,2018,5,9
22,Jorge Hall,B120719540,55419792,davidclayton@gmail.com,2018-05-30,902 Bradley Forge,875483759,1988,1,11
23,Peter Gardner,V851735143,74872970,lrivera@gmail.com,2003-11-02,5233 Stevens Estate Apt. 283,508524808,1993,7,21
24,Christine Phillips,S809790012,7253689,andersonalan@gmail.com,2001-10-06,8700 Brown Walks,907424632,2010,5,11
25,Curtis Hunt,F856738977,57350938,karen46@gmail.com,2017-11-30,14442 Steven Trail,911810084,2022,10,27
26,Adam Stephenson,U358140520,81612500,gail64@gmail.com,2005-11-04,479 Nicole Via Apt. 393,119984139,2021,2,24
27,Wayne Mcdaniel,Q615186520,16810005,matthewfox@gmail.com,1986-12-03,22946 Ballard Trace Apt. 471,118135250,2014,3,6
28,Melissa Johnson,G592064595,58055929,morrisanthony@gmail.com,1973-03-24,4694 Andrew Trace Suite 053,735091092,2001,6,2
29,Courtney Clark,I994092967,17249768,igibson@gmail.com,1978-07-26,6260 Luis Canyon Apt. 365,331797915,2004,8,16
30,Jason Ferrell,Y919153921,93622977,katherine05@gmail.com,1992-01-09,Unit 9984 Box 5145,3659872,2000,1,6
31,Ryan Turner,B819206993,74296732,garciadebra@gmail.com,2015-09-13,6159 Arthur Key Apt. 784,182579060,1988,10,6
32,Elizabeth Peterson,H196955869,91034276,iyu@gmail.com,1981-07-08,9841 Harris Wells Apt. 063,597494846,1993,12,13
33,Robin Gallagher,N937901068,57422902,nfreeman@gmail.com,1973-10-09,3683 Erin Roads,287172752,1978,8,9
34,Christopher Drake,K401463033,23009094,markrussell@gmail.com,1979-09-29,054 Smith Loop,805140866,2007,2,17
35,Richard Leonard,D060841350,92530093,richardsimpson@gmail.com,2020-09-01,22286 Bryan Trail Suite 233,494984298,2016,4,23
36,James Ryan,M694127489,85117369,romerorobert@gmail.com,1971-08-07,6396 Brent Extension,870553124,2014,1,15
37,Joseph Pineda,R074667888,47288481,megan85@gmail.com,1983-09-05,444 Mark Ridges,28369418,2006,11,14
38,Kaitlin Wright,Q619684040,4027760,wolfekevin@gmail.com,1998-06-10,7005 Robin Hill Suite 129,480856203,2022,2,10
39,Timothy Downs,C482887090,65464115,brian00@gmail.com,1993-11-07,1178 Nelson Ville Apt. 824,500347412,2010,7,24
40,Amanda Morris,C288702590,28811132,melaniesmith@gmail.com,2000-08-29,869 Angela Estate,413153075,1995,8,6
41,Tracey Jones,X950455338,87606176,eanderson@gmail.com,2021-08-20,4726 Mckinney Rue Apt. 436,48925117,1997,1,24
42,Tamara Ross,V103937686,42953759,davismatthew@gmail.com,1977-03-03,706 Reynolds Crescent,84557681,2007,6,5
43,Lindsay Taylor,R898987403,53788574,brianfitzpatrick@gmail.com,1988-11-16,1417 Lori Rapids,983106763,2005,2,8
44,Kristen Scott,M492036843,84582192,blankenshiplatasha@gmail.com,1994-12-24,453 Fuller Ranch,568731848,1973,2,19
45,Christopher Richards,Z475713699,80679125,edavis@gmail.com,2020-11-10,USS Alvarez,987805686,1971,12,9
46,Logan Snyder,F983766590,57278786,erikaalvarez@gmail.com,2007-07-11,55998 Philip Port,89715302,2001,11,22
47,Angela Walker,X064245949,9655826,jeffrey92@gmail.com,1993-11-19,861 Andrew Flats,27048098,1985,5,16
48,Monica Camacho,H022384980,63707888,jennifer11@gmail.com,1971-07-24,695 Heather Pass,452657985,2016,10,19
49,Brian Booth,T281014716,85106458,michael00@gmail.com,1989-03-13,3165 Mcbride Extensions Apt. 018,684491586,1985,9,28
